{
  "0": {
    "profile": {
      "size": 45,
      "density": 0.4033333333333332,
      "syncopation": 0.47215277777777787,
      "micro_variance": 6.909345434988963e-05,
      "inter_voice_var": 0.048425443672839505,
      "S_mv": 0.6444444444444445,
      "D_mv": 1.0222222222222221,
      "E": 0.43333333333333335
    },
    "label": "medium-density, moderately syncopated, tight timing structure, balanced drum distribution"
  },
  "1": {
    "profile": {
      "size": 42,
      "density": 0.3341517857142857,
      "syncopation": 0.5477678571428571,
      "micro_variance": 5.8375009132301485e-05,
      "inter_voice_var": 0.027419963210978837,
      "S_mv": 1.4285714285714286,
      "D_mv": 0.42857142857142855,
      "E": 0.40476190476190477
    },
    "label": "medium-density, moderately syncopated, tight timing structure, balanced drum distribution"
  },
  "2": {
    "profile": {
      "size": 44,
      "density": 0.26541193181818185,
      "syncopation": 0.48522727272727284,
      "micro_variance": 7.242421562508578e-05,
      "inter_voice_var": 0.012785323942550502,
      "S_mv": 0.5227272727272727,
      "D_mv": 0.022727272727272728,
      "E": 0.5
    },
    "label": "low-density, moderately syncopated, tight timing structure, balanced drum distribution"
  },
  "3": {
    "profile": {
      "size": 32,
      "density": 0.5662109375,
      "syncopation": 0.4873046875,
      "micro_variance": 9.302460717227086e-05,
      "inter_voice_var": 0.12053765190972222,
      "S_mv": 0.4375,
      "D_mv": 2.0,
      "E": 0.484375
    },
    "label": "medium-density, moderately syncopated, tight timing structure, balanced drum distribution"
  },
  "4": {
    "profile": {
      "size": 59,
      "density": 0.414989406779661,
      "syncopation": 0.5459745762711865,
      "micro_variance": 7.451868073406972e-05,
      "inter_voice_var": 0.0522865539665725,
      "S_mv": 1.3898305084745763,
      "D_mv": 0.9491525423728814,
      "E": 0.4322033898305085
    },
    "label": "medium-density, moderately syncopated, tight timing structure, balanced drum distribution"
  },
  "5": {
    "profile": {
      "size": 42,
      "density": 0.5075892857142856,
      "syncopation": 0.5276785714285713,
      "micro_variance": 8.581948948623945e-05,
      "inter_voice_var": 0.09061104910714286,
      "S_mv": 1.3333333333333333,
      "D_mv": 1.880952380952381,
      "E": 0.4880952380952381
    },
    "label": "medium-density, moderately syncopated, tight timing structure, balanced drum distribution"
  }
}