{
  "0": {
    "profile": {
      "size": 24,
      "density": 0.19218750000000004,
      "syncopation": 0.3987073921448921,
      "micro_variance": 0.0001121729032959844,
      "inter_voice_var": 0.005551938657407408,
      "S_mv": 1.5416666666666667,
      "D_mv": 0.875,
      "E": 0.4375,
      "P": -0.375,
      "push_pull": -0.057655225428493134
    },
    "label": "low-density, moderately syncopated, tight timing structure, balanced drum distribution, laid-back feel (hihat behind)"
  },
  "1": {
    "profile": {
      "size": 29,
      "density": 0.19482758620689652,
      "syncopation": 0.14561591946480384,
      "micro_variance": 0.00020761725955346103,
      "inter_voice_var": 0.005642361111111108,
      "S_mv": 0.8275862068965517,
      "D_mv": 1.1379310344827587,
      "E": 0.46551724137931033,
      "P": -1.0,
      "push_pull": -0.14247337636739135
    },
    "label": "low-density, metrically stable, tight timing structure, balanced drum distribution, laid-back feel (hihat behind)"
  },
  "2": {
    "profile": {
      "size": 17,
      "density": 0.1636029411764706,
      "syncopation": 0.06970588235294117,
      "micro_variance": 0.0003540271465127135,
      "inter_voice_var": 0.0023360906862745097,
      "S_mv": 0.5882352941176471,
      "D_mv": 1.1764705882352942,
      "E": 0.5294117647058824,
      "P": 0.9411764705882353,
      "push_pull": 0.20745373129728992
    },
    "label": "low-density, metrically stable, tight timing structure, balanced drum distribution, rushing feel (hihat ahead)"
  },
  "3": {
    "profile": {
      "size": 3,
      "density": 0.08125,
      "syncopation": 0.7500000000000001,
      "micro_variance": 0.00015760242219113563,
      "inter_voice_var": 0.0012297453703703704,
      "S_mv": 1.3333333333333333,
      "D_mv": 0.3333333333333333,
      "E": 0.8333333333333334,
      "P": 0.3333333333333333,
      "push_pull": 0.12123238975757021
    },
    "label": "low-density, strongly syncopated, tight timing structure, balanced drum distribution, rushing feel (hihat ahead)"
  },
  "4": {
    "profile": {
      "size": 35,
      "density": 0.18874999999999997,
      "syncopation": 0.11461513090084519,
      "micro_variance": 6.670439049158838e-05,
      "inter_voice_var": 0.004681299603174603,
      "S_mv": 0.7142857142857143,
      "D_mv": 0.9714285714285714,
      "E": 0.4,
      "P": 0.02857142857142857,
      "push_pull": 0.026755966869936244
    },
    "label": "low-density, metrically stable, tight timing structure, balanced drum distribution, aligned voices"
  },
  "5": {
    "profile": {
      "size": 20,
      "density": 0.185,
      "syncopation": 0.3389788961038961,
      "micro_variance": 0.0003372110427536829,
      "inter_voice_var": 0.0037543402777777783,
      "S_mv": 1.4,
      "D_mv": 0.95,
      "E": 0.45,
      "P": 1.0,
      "push_pull": 0.2111089171159141
    },
    "label": "low-density, moderately syncopated, tight timing structure, balanced drum distribution, rushing feel (hihat ahead)"
  }
}