{
  "0": {
    "profile": {
      "size": 32,
      "density": 0.21230468749999998,
      "syncopation": 0.34267186806249306,
      "micro_variance": 0.0001920451012189831,
      "inter_voice_var": 0.006598578559027778,
      "S_mv": 1.59375,
      "D_mv": 1.0625,
      "E": 0.328125,
      "P": 0.5625,
      "push_pull": 0.11866681485689681
    },
    "label": "low-density, moderately syncopated, tight timing structure, balanced drum distribution, rushing feel (hihat ahead)"
  },
  "1": {
    "profile": {
      "size": 20,
      "density": 0.18031250000000001,
      "syncopation": 0.10654889554889554,
      "micro_variance": 0.00020246517114290847,
      "inter_voice_var": 0.003960503472222223,
      "S_mv": 0.6,
      "D_mv": 1.0,
      "E": 0.4,
      "P": -1.0,
      "push_pull": -0.14795535786116132
    },
    "label": "low-density, metrically stable, tight timing structure, balanced drum distribution, laid-back feel (hihat behind)"
  },
  "2": {
    "profile": {
      "size": 19,
      "density": 0.15460526315789475,
      "syncopation": 0.09789473684210526,
      "micro_variance": 0.00039076703344038944,
      "inter_voice_var": 0.0022386695906432747,
      "S_mv": 0.5263157894736842,
      "D_mv": 1.0526315789473684,
      "E": 0.5526315789473685,
      "P": 0.9473684210526315,
      "push_pull": 0.22551111160127546
    },
    "label": "low-density, metrically stable, tight timing structure, balanced drum distribution, rushing feel (hihat ahead)"
  },
  "3": {
    "profile": {
      "size": 8,
      "density": 0.10625000000000001,
      "syncopation": 0.6158333333333333,
      "micro_variance": 0.00010833431854732576,
      "inter_voice_var": 0.0009765625,
      "S_mv": 1.375,
      "D_mv": 0.25,
      "E": 0.75,
      "P": 0.0,
      "push_pull": -0.02170435423157509
    },
    "label": "low-density, strongly syncopated, tight timing structure, balanced drum distribution, aligned voices"
  },
  "4": {
    "profile": {
      "size": 33,
      "density": 0.1818181818181818,
      "syncopation": 0.09964231055140146,
      "micro_variance": 6.415688677934203e-05,
      "inter_voice_var": 0.0036958122895622897,
      "S_mv": 0.6363636363636364,
      "D_mv": 1.0303030303030303,
      "E": 0.45454545454545453,
      "P": 0.0,
      "push_pull": 0.021275516095202333
    },
    "label": "low-density, metrically stable, tight timing structure, balanced drum distribution, aligned voices"
  },
  "5": {
    "profile": {
      "size": 16,
      "density": 0.212890625,
      "syncopation": 0.30291287348272644,
      "micro_variance": 0.000235173755524951,
      "inter_voice_var": 0.007283528645833333,
      "S_mv": 1.4375,
      "D_mv": 1.125,
      "E": 0.53125,
      "P": -1.0,
      "push_pull": -0.15524246807189757
    },
    "label": "low-density, moderately syncopated, tight timing structure, balanced drum distribution, laid-back feel (hihat behind)"
  }
}