{
  "0": {
    "profile": {
      "size": 48,
      "density": 0.4056640624999999,
      "syncopation": 0.45957031249999997,
      "micro_variance": 7.493659176736417e-05,
      "inter_voice_var": 0.048915156611689825,
      "S_mv": 1.1041666666666667,
      "D_mv": 1.0625,
      "E": 0.4583333333333333
    },
    "label": "medium-density, moderately syncopated, tight timing structure, balanced drum distribution"
  },
  "1": {
    "profile": {
      "size": 31,
      "density": 0.23326612903225807,
      "syncopation": 0.4425403225806452,
      "micro_variance": 7.012674815863112e-05,
      "inter_voice_var": 0.0076094870071684575,
      "S_mv": 1.1612903225806452,
      "D_mv": 0.0,
      "E": 0.45161290322580644
    },
    "label": "low-density, moderately syncopated, tight timing structure, balanced drum distribution"
  },
  "2": {
    "profile": {
      "size": 72,
      "density": 0.5208333333333334,
      "syncopation": 0.4854600694444444,
      "micro_variance": 8.763655448063599e-05,
      "inter_voice_var": 0.0973337432484568,
      "S_mv": 0.9166666666666666,
      "D_mv": 1.9444444444444444,
      "E": 0.4861111111111111
    },
    "label": "medium-density, moderately syncopated, tight timing structure, balanced drum distribution"
  },
  "3": {
    "profile": {
      "size": 56,
      "density": 0.3806361607142857,
      "syncopation": 0.5186941964285714,
      "micro_variance": 6.427066193284192e-05,
      "inter_voice_var": 0.04092165023561508,
      "S_mv": 1.0535714285714286,
      "D_mv": 1.0,
      "E": 0.38392857142857145
    },
    "label": "medium-density, moderately syncopated, tight timing structure, balanced drum distribution"
  },
  "4": {
    "profile": {
      "size": 26,
      "density": 0.3233173076923076,
      "syncopation": 0.4379807692307693,
      "micro_variance": 5.2211224700741045e-05,
      "inter_voice_var": 0.024606036324786324,
      "S_mv": 0.8461538461538461,
      "D_mv": 0.6538461538461539,
      "E": 0.38461538461538464
    },
    "label": "medium-density, moderately syncopated, tight timing structure, balanced drum distribution"
  },
  "5": {
    "profile": {
      "size": 31,
      "density": 0.25806451612903225,
      "syncopation": 0.4953629032258065,
      "micro_variance": 8.159083243803349e-05,
      "inter_voice_var": 0.011288222446236559,
      "S_mv": 0.9032258064516129,
      "D_mv": 0.0,
      "E": 0.5645161290322581
    },
    "label": "low-density, moderately syncopated, tight timing structure, balanced drum distribution"
  }
}